threshold,precision,recall,f1,f2
0.05,0.05363585900638357,1.0,0.10181099769509384,0.22080667276051189
0.06,0.05379636717934442,1.0,0.10210011887465328,0.22135043811923713
0.07,0.05395030709101061,1.0,0.10237732600490033,0.22187141216991962
0.08,0.05413923518700098,1.0,0.1027174274134609,0.22251007484168106
0.09,0.054379176925782625,1.0,0.10314918601547905,0.2233200439128676
0.1,0.05467534304710709,1.0,0.10368184561732949,0.22431804991294257
0.11,0.05493568332030417,1.0,0.10414982484505524,0.22519373069976112
0.12,0.055301187580483614,1.0,0.10480645379974239,0.2264206209724663
0.13,0.055703682352093394,1.0,0.10552901023890784,0.22776828334020865
0.14,0.056067309784579675,1.0,0.10618131868131868,0.2289827596421589
0.15,0.056501717710693664,1.0,0.10696001106960011,0.230429857509092
0.16,0.057001696040115034,1.0,0.1078554485837868,0.2320903140575272
0.17,0.057556102288824275,0.9987063389391979,0.10883970111377414,0.233868524689488
0.18,0.05796010538200978,0.9961190168175937,0.10954616588419405,0.23508579104842156
0.19,0.058366943155011036,0.9922380336351876,0.11024867040390973,0.23624715086552084
0.2,0.058823529411764705,0.9883570504527813,0.11103844197369377,0.2375621890547264
0.21,0.059415990006246096,0.9844760672703752,0.11206833075620352,0.23930817610062896
0.22,0.059966816781227776,0.981888745148771,0.11303052866716307,0.24096768048764997
0.23,0.06061577934573444,0.9780077619663649,0.11415628539071347,0.24286815728604474
0.24,0.06139565181988437,0.9754204398447607,0.11552014708135437,0.2452351525401678
0.25,0.06230349164322357,0.9741267787839586,0.11711641651761412,0.24805639741731456
0.26,0.06300932538015626,0.9702457956015524,0.11833385926159672,0.25008336112037344
0.27,0.06403771967423917,0.9663648124191462,0.12011577424023155,0.2531002236226875
0.28,0.06506550218340611,0.963777490297542,0.12190133355150126,0.25615458671434466
0.29,0.06647630944945124,0.963777490297542,0.12437395659432388,0.2605077278131338
0.3,0.06768081617781016,0.9611901681759379,0.1264573227810399,0.2640369580668088
0.31,0.0690587138863001,0.9586028460543338,0.12883595583760757,0.2680509332947475
0.32,0.07014028056112225,0.9508408796895214,0.13064344116601492,0.2707980252007958
0.33,0.07153341814267541,0.9456662354463131,0.13300582241630277,0.2745849297573436
0.34,0.07315598548972188,0.9391979301423027,0.13573899224081518,0.27888752304855563
0.35,0.07518483807143601,0.9340232858990944,0.13916730917501927,0.28436392280425365
0.36,0.07686543196659887,0.9288486416558862,0.1419814119042911,0.28874768760556585
0.37,0.07863550780817366,0.9184993531694696,0.14486839420526423,0.2928801254021945
0.38,0.08011494252873563,0.9016817593790427,0.147155072310778,0.29553934871099047
0.39,0.08202005730659026,0.888745148771022,0.1501803475789704,0.2995291245204046
0.4,0.08385093167701864,0.8732212160413971,0.15300918055083304,0.30290791599353795
0.41,0.08636836628511967,0.8589909443725744,0.15695544261907576,0.30797773654916516
0.42,0.08845475512142179,0.8434670116429496,0.16011787819253437,0.31157411832170506
0.43,0.09032898468519569,0.8240620957309185,0.1628115015974441,0.31397870662460564
0.44,0.09306841948013146,0.8059508408796895,0.16686755055577876,0.3183118741058655
0.45,0.09644430459408433,0.7930142302716688,0.1719736288399495,0.3244072819644369
0.46,0.09973448390308662,0.777490297542044,0.1767907045153699,0.3295678876946698
0.47,0.10319666435024323,0.7684346701164295,0.18195742073824475,0.3356690777576854
0.48,0.10685483870967742,0.7542043984476067,0.1871889548884251,0.3410154422087038
0.49,0.10943833236826868,0.7335058214747736,0.19046019482700705,0.34268101051613686
0.5,0.1141091658084449,0.7166882276843467,0.1968727789623312,0.3485592047313451
0.51,0.11894369271060672,0.705045278137128,0.20354808590102708,0.355095126400834
0.52,0.12209703380087376,0.6869340232858991,0.207340882467786,0.356806880795592
0.53,0.12509126308104163,0.6649417852522639,0.21056943875460876,0.35689487571170675
0.54,0.12986343725843855,0.6520051746442432,0.21658788139235066,0.3613939480854725
0.55,0.13517241379310344,0.6338939197930142,0.22282855843565258,0.3647461664433527
0.56,0.1393491124260355,0.6093143596377749,0.22682398266313508,0.3638751545117429
0.57,0.14115058157812008,0.5808538163001293,0.2271117855336368,0.35788299059461187
0.58,0.14228322731837964,0.5498059508408797,0.22606382978723405,0.3495640730383286
0.59,0.14761734145467575,0.5329883570504528,0.23120089786756454,0.3501614822369539
0.6,0.15219885277246653,0.5148771021992238,0.23494687131050768,0.3486945855966357
0.61,0.15731257681278166,0.49676584734799484,0.238954573739888,0.34700885595517805
0.62,0.16260522817899867,0.47477360931435963,0.24224422442244226,0.34305477659375583
0.63,0.16603235014272122,0.4514877102199224,0.24278260869565219,0.3359645745090489
0.64,0.1699078812691914,0.4294954721862872,0.2434910157682435,0.3289734443123266
0.65,0.17581808097615087,0.41009055627425617,0.24611801242236025,0.32379979570990813
0.66,0.17861409796893668,0.3868046571798189,0.24438087454025337,0.3136802349979018
0.67,0.1821705426356589,0.3648124191461837,0.24299870745368377,0.30387931034482757
0.68,0.18604651162790697,0.34152652005174644,0.24087591240875914,0.29261804477942804
0.69,0.19198149575944487,0.3221216041397154,0.24057971014492754,0.2836637047163363
0.7,0.191757779646762,0.2949547218628719,0.2324159021406728,0.26629292221443585
0.71,0.20169651272384542,0.276843467011643,0.23336968375136313,0.25764507584878404
0.72,0.20557851239669422,0.2574385510996119,0.22860425043078691,0.24507389162561577
0.73,0.2161849710982659,0.24191461836998707,0.22832722832722832,0.23629011877685122
0.74,0.22294654498044328,0.22121604139715395,0.22207792207792207,0.22155998963462034
0.75,0.2341678939617084,0.2056921086675291,0.2190082644628099,0.21081941129673826
0.76,0.24482758620689654,0.18369987063389392,0.2099039172209904,0.19335511982570808
0.77,0.2446183953033268,0.16170763260025872,0.19470404984423675,0.17346655564807104
0.78,0.24475524475524477,0.13583441138421734,0.17470881863560733,0.14910536779324055
0.79,0.23782234957020057,0.1073738680465718,0.14795008912655971,0.12060447544318514
0.8,0.22602739726027396,0.08538163001293661,0.12394366197183099,0.09751773049645389
